/*
SQLyog Ultimate v12.14 (64 bit)
MySQL - 10.1.14-MariaDB : Database - roundward
*********************************************************************
*/

/*!40101 SET NAMES utf8 */;

/*!40101 SET SQL_MODE=''*/;

/*!40014 SET @OLD_UNIQUE_CHECKS=@@UNIQUE_CHECKS, UNIQUE_CHECKS=0 */;
/*!40014 SET @OLD_FOREIGN_KEY_CHECKS=@@FOREIGN_KEY_CHECKS, FOREIGN_KEY_CHECKS=0 */;
/*!40101 SET @OLD_SQL_MODE=@@SQL_MODE, SQL_MODE='NO_AUTO_VALUE_ON_ZERO' */;
/*!40111 SET @OLD_SQL_NOTES=@@SQL_NOTES, SQL_NOTES=0 */;
CREATE DATABASE /*!32312 IF NOT EXISTS*/`roundward` /*!40100 DEFAULT CHARACTER SET utf8 */;

USE `roundward`;

/*Table structure for table `mas_round_clinic` */

DROP TABLE IF EXISTS `mas_round_clinic`;

CREATE TABLE `mas_round_clinic` (
  `clinic_id` int(3) unsigned NOT NULL AUTO_INCREMENT,
  `clinic_name` varchar(200) DEFAULT NULL,
  `status` tinyint(1) DEFAULT '1',
  `floor_id` int(3) DEFAULT NULL,
  PRIMARY KEY (`clinic_id`)
) ENGINE=InnoDB AUTO_INCREMENT=34 DEFAULT CHARSET=utf8;

/*Data for the table `mas_round_clinic` */

insert  into `mas_round_clinic`(`clinic_id`,`clinic_name`,`status`,`floor_id`) values 
(1,'รปภ',1,1),
(2,'แม่บ้าน',1,1),
(3,'ห้องผ้า',1,1),
(4,'โภชนาการ',1,1),
(5,'ช่าง',1,1),
(6,'ยานยนต์',1,1),
(7,'เปล',1,2),
(8,'เวชระเบียน',1,2),
(9,'AC',1,2),
(10,'Operator',1,2),
(11,'ลูกค้าสัมพันธ์',1,2),
(12,'ER',1,2),
(13,'OPD & Checkup',1,2),
(14,'ห้องปฏิบัติการ',1,2),
(15,'ห้องเอกซเรย์',1,2),
(16,'เภสัชกรรม',1,2),
(17,'การเงินนอก',1,2),
(18,'แพทย์',1,2),
(19,'Clinic ลูกรัก',1,3),
(20,'MEC Clinic',1,3),
(21,'DM Clinic',1,3),
(22,'ทันตกรรม',1,3),
(23,'ICU',1,3),
(24,'HD',1,3),
(25,'OR & CSSD',1,3),
(26,'LR',1,3),
(27,'Cardio clinic',1,3),
(28,'การเงินใน',1,4),
(29,'WARD 3',1,4),
(30,'บุคคล & ธุรการ & การตลาด',1,4),
(31,'WARD 4',1,5),
(32,'WARD 5',1,6),
(33,'WARD 6',1,7);

/*Table structure for table `mas_round_floor` */

DROP TABLE IF EXISTS `mas_round_floor`;

CREATE TABLE `mas_round_floor` (
  `floor_id` int(3) unsigned NOT NULL AUTO_INCREMENT,
  `floor_name` varchar(255) DEFAULT NULL,
  `status` tinyint(1) DEFAULT NULL,
  PRIMARY KEY (`floor_id`)
) ENGINE=InnoDB AUTO_INCREMENT=8 DEFAULT CHARSET=utf8;

/*Data for the table `mas_round_floor` */

insert  into `mas_round_floor`(`floor_id`,`floor_name`,`status`) values 
(1,'ชั้น B',1),
(2,'ชั้น 1',1),
(3,'ชั้น 2 ',1),
(4,'ชั้น 3',1),
(5,'ชั้น 4',1),
(6,'ชั้น 5 ',1),
(7,'ชั้น 6',1);

/*Table structure for table `mas_round_shift` */

DROP TABLE IF EXISTS `mas_round_shift`;

CREATE TABLE `mas_round_shift` (
  `round_shift_id` int(2) unsigned NOT NULL AUTO_INCREMENT,
  `round_shift_name` varchar(200) DEFAULT NULL,
  `status` tinyint(1) DEFAULT '1',
  PRIMARY KEY (`round_shift_id`)
) ENGINE=InnoDB AUTO_INCREMENT=4 DEFAULT CHARSET=utf8;

/*Data for the table `mas_round_shift` */

insert  into `mas_round_shift`(`round_shift_id`,`round_shift_name`,`status`) values 
(1,'เช้า',1),
(2,'บ่าย',1),
(3,'ดึก',1);

/*Table structure for table `mas_user` */

DROP TABLE IF EXISTS `mas_user`;

CREATE TABLE `mas_user` (
  `user_id` int(6) unsigned NOT NULL AUTO_INCREMENT,
  `user_name` varchar(30) DEFAULT NULL,
  `password` varchar(30) DEFAULT NULL,
  `name` varchar(50) DEFAULT NULL,
  `lname` varchar(50) DEFAULT NULL,
  `status` tinyint(1) unsigned DEFAULT NULL,
  PRIMARY KEY (`user_id`)
) ENGINE=InnoDB AUTO_INCREMENT=16 DEFAULT CHARSET=utf8;

/*Data for the table `mas_user` */

insert  into `mas_user`(`user_id`,`user_name`,`password`,`name`,`lname`,`status`) values 
(1,'350034','350034','อัญชลี','ศิริรักษ์',1),
(2,'350031','350031','ภิญญาพัชร','สิทธิวรการ',1),
(3,'490020','490020','ปิยาภรณ์','สุวรรณเวช',1),
(4,'460010','460010','เยาวภา','พรหมเขียว',1),
(5,'430011','430011','ลักษณา','พร้อมมูล',1),
(6,'520003','520003','กัลย์ญาดา','พงศ์อภิรักษกุล',1),
(7,'460054','460054','เจษฎา','เชิญทอง',1),
(8,'530055','530055','เสาวภา','เกื้อสกุล',1),
(9,'500016','500016','สุรัตน์','มนต์ประสาธน์',1),
(10,'500040','500040','ชุติมา','ยางทอง',1),
(11,'470055','470055','สุธีรา','พิชญานุกูล',1),
(12,'540003','540003','อุมาภรณ์','ไกรเมศ',1),
(13,'460004','460004','นัยน์ปพร','จันทรวงศ์',1),
(14,'201014','201014','เกสราพรรณ','พงษ์พันธ์ศักดิ์',1),
(15,'anukul','12369874','อนุกูล','ลิมปนศิลป์',1);

/*Table structure for table `point_type` */

DROP TABLE IF EXISTS `point_type`;

CREATE TABLE `point_type` (
  `pointType_id` tinyint(2) unsigned NOT NULL AUTO_INCREMENT,
  `pointType` varchar(150) DEFAULT NULL,
  PRIMARY KEY (`pointType_id`)
) ENGINE=InnoDB AUTO_INCREMENT=3 DEFAULT CHARSET=utf8;

/*Data for the table `point_type` */

insert  into `point_type`(`pointType_id`,`pointType`) values 
(1,'ปกติ'),
(2,'อัตโนมัติ');

/*Table structure for table `round_point` */

DROP TABLE IF EXISTS `round_point`;

CREATE TABLE `round_point` (
  `round_point_id` int(10) unsigned NOT NULL AUTO_INCREMENT,
  `normal` int(3) DEFAULT NULL,
  `abnormal` int(3) DEFAULT NULL,
  `sickLeave` int(3) DEFAULT NULL,
  `errandLeave` int(3) DEFAULT NULL,
  `workLoad` int(3) DEFAULT NULL,
  `empAccident` int(3) DEFAULT NULL,
  `insufMedical` int(3) DEFAULT NULL,
  `patDocument` int(3) DEFAULT NULL,
  `falseProcess` int(3) DEFAULT NULL,
  `environment` int(3) DEFAULT NULL,
  `complain` int(3) DEFAULT NULL,
  `patAccident` int(3) DEFAULT NULL,
  `noKin` int(3) DEFAULT NULL,
  `financeProblem` int(3) DEFAULT NULL,
  `missMaterial` int(3) DEFAULT NULL,
  `ambulance` int(3) DEFAULT NULL,
  `other` text,
  `clinic` int(3) DEFAULT NULL,
  `date_round` datetime DEFAULT NULL,
  `date_round_auto` datetime DEFAULT NULL,
  `round_shift` int(2) DEFAULT NULL,
  `user_id` int(6) DEFAULT NULL,
  `pointType_id` tinyint(2) unsigned DEFAULT NULL,
  `img_path` varchar(255) DEFAULT NULL,
  `img_path2` varchar(255) DEFAULT NULL,
  `img_path3` varchar(255) DEFAULT NULL,
  `img_path4` varchar(255) DEFAULT NULL,
  `img_path5` varchar(255) DEFAULT NULL,
  PRIMARY KEY (`round_point_id`)
) ENGINE=InnoDB AUTO_INCREMENT=426 DEFAULT CHARSET=utf8;

/*Data for the table `round_point` */

insert  into `round_point`(`round_point_id`,`normal`,`abnormal`,`sickLeave`,`errandLeave`,`workLoad`,`empAccident`,`insufMedical`,`patDocument`,`falseProcess`,`environment`,`complain`,`patAccident`,`noKin`,`financeProblem`,`missMaterial`,`ambulance`,`other`,`clinic`,`date_round`,`date_round_auto`,`round_shift`,`user_id`,`pointType_id`,`img_path`,`img_path2`,`img_path3`,`img_path4`,`img_path5`) values 
(1,0,0,0,0,0,0,0,0,0,0,0,0,0,0,0,NULL,'0',1,'2016-01-20 17:49:21',NULL,1,2,NULL,NULL,NULL,NULL,NULL,NULL),
(2,0,0,0,0,0,0,0,0,0,0,0,0,0,0,0,NULL,'0',2,'2016-01-20 17:50:49',NULL,1,1,NULL,NULL,NULL,NULL,NULL,NULL),
(3,0,0,0,0,0,0,0,0,0,0,0,0,0,0,0,NULL,'0',3,'2016-01-20 17:50:57',NULL,1,1,NULL,NULL,NULL,NULL,NULL,NULL),
(4,0,0,0,0,0,0,0,6,7,0,0,0,0,0,0,NULL,'0',4,'2016-01-20 17:51:04',NULL,1,2,NULL,NULL,NULL,NULL,NULL,NULL),
(5,0,0,0,0,0,0,0,6,7,0,0,0,0,0,0,NULL,'0',5,'2016-01-20 17:51:25',NULL,1,2,NULL,NULL,NULL,NULL,NULL,NULL),
(6,0,8,3,0,8,4,9,5,0,0,0,0,0,0,0,NULL,'0',6,'2016-01-20 17:52:06',NULL,1,1,NULL,NULL,NULL,NULL,NULL,NULL),
(7,0,8,3,0,8,4,9,5,0,0,0,0,0,0,0,NULL,'0',7,'2016-01-20 17:55:08',NULL,1,1,NULL,NULL,NULL,NULL,NULL,NULL),
(8,0,0,0,0,0,0,0,0,0,0,0,0,0,0,0,NULL,'0',8,'2016-01-20 17:55:31',NULL,1,1,NULL,NULL,NULL,NULL,NULL,NULL),
(9,0,0,10,7,6,6,5,7,3,6,10,7,6,6,7,NULL,'0',9,'2016-01-20 17:58:49',NULL,1,1,NULL,NULL,NULL,NULL,NULL,NULL),
(10,6,0,0,0,0,0,0,0,0,0,0,0,0,0,0,NULL,'0',10,'2016-01-20 18:05:22',NULL,1,2,NULL,NULL,NULL,NULL,NULL,NULL),
(11,0,0,0,0,0,0,0,0,0,0,8,0,0,0,0,NULL,'10',11,'2016-01-20 18:06:10',NULL,1,2,NULL,NULL,NULL,NULL,NULL,NULL),
(12,0,0,0,0,0,0,0,0,0,0,0,0,0,0,0,NULL,'0',12,'2016-01-20 18:06:29',NULL,3,1,NULL,NULL,NULL,NULL,NULL,NULL),
(13,5,4,3,2,1,2,3,4,5,6,7,8,9,10,9,NULL,'8',13,'2016-01-21 08:31:03',NULL,1,2,NULL,NULL,NULL,NULL,NULL,NULL),
(14,0,0,0,0,0,0,0,0,0,0,0,0,0,0,0,NULL,'0',14,'2016-01-21 08:34:28',NULL,1,1,NULL,NULL,NULL,NULL,NULL,NULL),
(15,0,0,0,0,0,0,0,0,0,0,0,0,0,0,0,NULL,'								sdfasdfsdf',15,'2016-01-21 13:01:43',NULL,1,2,NULL,NULL,NULL,NULL,NULL,NULL),
(16,0,0,0,0,0,0,0,0,0,0,0,0,0,0,0,NULL,'asdf',16,'2016-01-21 13:02:24',NULL,1,1,NULL,NULL,NULL,NULL,NULL,NULL),
(17,2,5,6,7,7,9,5,6,6,9,4,8,5,7,4,NULL,'Test',3,'2016-02-10 14:26:51',NULL,1,2,NULL,NULL,NULL,NULL,NULL,NULL),
(18,0,0,0,0,0,0,4,2,0,2,0,1,0,1,1,NULL,'',3,'2015-11-20 10:14:02',NULL,1,2,NULL,NULL,NULL,NULL,NULL,NULL),
(19,1,2,3,1,3,2,2,1,5,3,2,1,1,2,3,NULL,'',3,'2015-12-20 10:14:18',NULL,1,2,NULL,NULL,NULL,NULL,NULL,NULL),
(20,2,1,1,1,1,1,2,1,1,2,0,2,0,3,4,NULL,'',3,'2016-01-20 10:17:30',NULL,1,1,NULL,NULL,NULL,NULL,NULL,NULL),
(21,1,1,1,1,2,2,1,1,1,1,2,1,1,0,0,NULL,'',3,'2016-02-20 10:17:59',NULL,1,1,NULL,NULL,NULL,NULL,NULL,NULL),
(22,1,1,2,3,1,2,3,4,0,1,1,2,0,0,0,NULL,'',22,'2016-02-20 10:18:56',NULL,1,2,NULL,NULL,NULL,NULL,NULL,NULL),
(23,1,1,2,0,1,2,1,2,1,1,2,1,1,1,1,NULL,'',23,'2016-02-20 10:19:05',NULL,1,1,NULL,NULL,NULL,NULL,NULL,NULL),
(24,1,1,1,2,1,2,1,1,1,1,2,1,2,0,1,NULL,'',24,'2016-02-20 10:24:02',NULL,1,2,NULL,NULL,NULL,NULL,NULL,NULL),
(25,2,2,2,2,1,1,2,0,2,1,2,1,1,1,0,NULL,'',25,'2016-02-20 10:24:09',NULL,1,2,NULL,NULL,NULL,NULL,NULL,NULL),
(26,3,3,0,1,1,1,2,4,1,2,1,5,5,2,3,NULL,'',26,'2015-11-20 10:24:16',NULL,1,2,NULL,NULL,NULL,NULL,NULL,NULL),
(27,3,3,0,1,2,1,1,1,2,2,5,1,1,2,4,NULL,'',27,'2015-11-20 10:24:21',NULL,1,2,NULL,NULL,NULL,NULL,NULL,NULL),
(28,2,3,1,0,3,1,1,2,1,0,0,0,1,0,1,NULL,'',28,'2015-12-20 10:25:04',NULL,1,1,NULL,NULL,NULL,NULL,NULL,NULL),
(29,1,1,1,0,1,4,4,3,3,5,2,3,0,1,2,NULL,'',1,'2015-12-20 10:25:24',NULL,1,1,NULL,NULL,NULL,NULL,NULL,NULL),
(30,1,0,3,1,1,3,3,3,3,4,0,5,1,1,3,NULL,'',3,'2016-01-22 10:50:28',NULL,1,2,NULL,NULL,NULL,NULL,NULL,NULL),
(31,0,3,2,4,5,21,1,2,1,6,4,0,0,1,1,NULL,'',5,'2016-01-22 10:50:47',NULL,1,1,NULL,NULL,NULL,NULL,NULL,NULL),
(32,1,4,2,0,1,4,2,0,0,0,0,2,1,0,0,NULL,'test0322',7,'2016-02-22 10:52:27',NULL,1,1,NULL,NULL,NULL,NULL,NULL,NULL),
(33,1,2,0,1,3,2,3,4,5,6,7,8,9,10,9,NULL,'0325',9,'2016-02-25 08:08:19',NULL,2,1,NULL,NULL,NULL,NULL,NULL,NULL),
(34,1,2,3,1,4,0,2,0,0,0,0,0,0,0,0,20,'',11,'2016-03-25 08:36:42',NULL,1,1,NULL,NULL,NULL,NULL,NULL,NULL),
(35,1,5,4,1,5,4,2,1,5,6,4,2,3,3,3,32,'2',13,'2016-03-25 08:36:42',NULL,1,1,NULL,NULL,NULL,NULL,NULL,NULL),
(36,1,0,4,4,0,3,4,4,4,4,4,4,4,4,4,4,'test0325',15,'2016-03-25 09:48:11',NULL,1,1,NULL,NULL,NULL,NULL,NULL,NULL),
(37,0,0,0,0,0,0,0,0,0,0,0,0,0,0,0,0,'test03251',24,'2016-03-25 09:49:21',NULL,2,1,NULL,NULL,NULL,NULL,NULL,NULL),
(38,0,0,2,5,0,5,8,3,4,5,3,6,8,4,5,5,'',26,'2016-03-25 10:02:45',NULL,3,1,NULL,NULL,NULL,NULL,NULL,NULL),
(39,0,NULL,0,0,0,0,0,0,0,0,0,0,0,0,0,0,'',1,'2016-03-25 14:05:19',NULL,1,1,NULL,NULL,NULL,NULL,NULL,NULL),
(40,1,NULL,0,0,0,0,0,0,0,0,0,0,0,0,0,0,'',1,'2016-03-25 14:05:41',NULL,1,1,NULL,NULL,NULL,NULL,NULL,NULL),
(41,0,NULL,0,0,0,0,0,0,0,0,0,0,0,0,0,0,'',1,'2016-03-25 14:57:13',NULL,1,1,NULL,'',NULL,NULL,NULL,NULL),
(42,1,NULL,0,0,0,0,0,0,0,0,0,0,0,0,0,0,'',1,'2016-03-25 14:59:15',NULL,1,1,NULL,NULL,NULL,NULL,NULL,NULL),
(43,1,NULL,0,0,0,0,0,0,0,0,0,0,0,0,0,0,'',1,'2016-03-25 15:00:01',NULL,1,1,NULL,NULL,NULL,NULL,NULL,NULL),
(44,1,NULL,0,0,0,0,0,0,0,0,0,0,0,0,0,0,'',1,'2016-03-25 15:00:43',NULL,1,1,NULL,'2016-03-25-09-00-43ran41rw.tmp',NULL,NULL,NULL,NULL),
(45,1,NULL,0,0,0,0,0,0,0,0,0,0,0,0,0,0,'',1,'2016-03-25 15:03:07',NULL,1,1,NULL,NULL,NULL,NULL,NULL,NULL),
(46,1,NULL,0,0,0,0,0,0,0,0,0,0,0,0,0,0,'',1,'2016-03-25 15:03:23',NULL,1,1,NULL,'2016-03-25-09-03-23ran30rw.jpg',NULL,NULL,NULL,NULL),
(47,1,NULL,0,0,0,0,0,0,0,0,0,0,0,3,0,20,'',1,'2016-03-25 15:13:48',NULL,1,1,NULL,'2016-03-25-09-13-48ran51rw.jpg',NULL,NULL,NULL,NULL),
(48,0,NULL,0,0,0,0,0,0,0,0,0,0,0,0,0,0,'เจอไอแจ้',1,'2016-03-25 15:15:35',NULL,1,1,NULL,'2016-03-25-09-15-35ran80rw.jpg',NULL,NULL,NULL,NULL),
(49,1,NULL,0,0,0,0,0,0,0,0,0,0,0,0,0,0,'',1,'2016-03-25 15:39:45',NULL,1,1,NULL,'2016-03-25-09-39-45ran45rw.jpg',NULL,NULL,NULL,NULL),
(50,0,NULL,10,10,1,10,20,10,10,10,10,10,10,10,10,20,'Can you point me?',7,'2016-03-28 11:08:14',NULL,2,15,NULL,'2016-03-28-06-08-14ran26rw.jpg',NULL,NULL,NULL,NULL),
(51,1,NULL,0,0,0,6,6,7,0,0,5,7,0,0,3,16,'trewq',6,'2016-03-28 11:14:50',NULL,3,7,NULL,'2016-03-28-06-14-50ran59rw.jpg',NULL,NULL,NULL,NULL),
(52,1,NULL,0,0,0,6,6,7,0,0,5,7,0,0,3,16,'trewq',6,'2016-03-28 11:21:13',NULL,3,7,NULL,'2016-03-28-06-21-13ran56rw.jpg',NULL,NULL,NULL,NULL),
(53,1,NULL,0,0,0,0,0,0,0,0,0,0,0,0,0,0,'',1,'2016-04-12 15:57:32',NULL,1,15,NULL,'2016-04-12-10-57-32ran21rw.jpg',NULL,NULL,NULL,NULL),
(125,1,NULL,0,0,0,0,0,0,0,0,0,0,0,0,0,0,NULL,1,'2016-04-01 00:00:00','2016-04-25 08:23:03',1,7,2,NULL,NULL,NULL,NULL,NULL),
(126,1,NULL,0,0,0,0,0,0,0,0,0,0,0,0,0,0,NULL,1,'2016-04-01 00:00:00','2016-04-25 08:23:03',2,7,2,NULL,NULL,NULL,NULL,NULL),
(127,1,NULL,0,0,0,0,0,0,0,0,0,0,0,0,0,0,NULL,1,'2016-04-01 00:00:00','2016-04-25 08:23:03',3,7,2,NULL,NULL,NULL,NULL,NULL),
(128,1,NULL,0,0,0,0,0,0,0,0,0,0,0,0,0,0,NULL,2,'2016-04-01 00:00:00','2016-04-25 08:23:03',1,7,2,NULL,NULL,NULL,NULL,NULL),
(129,1,NULL,0,0,0,0,0,0,0,0,0,0,0,0,0,0,NULL,2,'2016-04-01 00:00:00','2016-04-25 08:23:03',2,7,2,NULL,NULL,NULL,NULL,NULL),
(130,1,NULL,0,0,0,0,0,0,0,0,0,0,0,0,0,0,NULL,2,'2016-04-01 00:00:00','2016-04-25 08:23:03',3,7,2,NULL,NULL,NULL,NULL,NULL),
(131,1,NULL,0,0,0,0,0,0,0,0,0,0,0,0,0,0,NULL,3,'2016-04-01 00:00:00','2016-04-25 08:23:03',1,7,2,NULL,NULL,NULL,NULL,NULL),
(132,1,NULL,0,0,0,0,0,0,0,0,0,0,0,0,0,0,NULL,3,'2016-04-01 00:00:00','2016-04-25 08:23:03',2,7,2,NULL,NULL,NULL,NULL,NULL),
(133,1,NULL,0,0,0,0,0,0,0,0,0,0,0,0,0,0,NULL,3,'2016-04-01 00:00:00','2016-04-25 08:23:03',3,7,2,NULL,NULL,NULL,NULL,NULL),
(134,1,NULL,0,0,0,0,0,0,0,0,0,0,0,0,0,0,NULL,4,'2016-04-01 00:00:00','2016-04-25 08:23:03',1,7,2,NULL,NULL,NULL,NULL,NULL),
(135,1,NULL,0,0,0,0,0,0,0,0,0,0,0,0,0,0,NULL,4,'2016-04-01 00:00:00','2016-04-25 08:23:03',2,7,2,NULL,NULL,NULL,NULL,NULL),
(136,1,NULL,0,0,0,0,0,0,0,0,0,0,0,0,0,0,NULL,4,'2016-04-01 00:00:00','2016-04-25 08:23:03',3,7,2,NULL,NULL,NULL,NULL,NULL),
(137,1,NULL,0,0,0,0,0,0,0,0,0,0,0,0,0,0,NULL,5,'2016-04-01 00:00:00','2016-04-25 08:23:03',1,7,2,NULL,NULL,NULL,NULL,NULL),
(138,1,NULL,0,0,0,0,0,0,0,0,0,0,0,0,0,0,NULL,5,'2016-04-01 00:00:00','2016-04-25 08:23:03',2,7,2,NULL,NULL,NULL,NULL,NULL),
(139,1,NULL,0,0,0,0,0,0,0,0,0,0,0,0,0,0,NULL,5,'2016-04-01 00:00:00','2016-04-25 08:23:03',3,7,2,NULL,NULL,NULL,NULL,NULL),
(140,1,NULL,0,0,0,0,0,0,0,0,0,0,0,0,0,0,NULL,6,'2016-04-01 00:00:00','2016-04-25 08:23:03',1,7,2,NULL,NULL,NULL,NULL,NULL),
(141,1,NULL,0,0,0,0,0,0,0,0,0,0,0,0,0,0,NULL,6,'2016-04-01 00:00:00','2016-04-25 08:23:03',2,7,2,NULL,NULL,NULL,NULL,NULL),
(142,1,NULL,0,0,0,0,0,0,0,0,0,0,0,0,0,0,NULL,6,'2016-04-01 00:00:00','2016-04-25 08:23:04',3,7,2,NULL,NULL,NULL,NULL,NULL),
(143,1,NULL,0,0,0,0,0,0,0,0,0,0,0,0,0,0,NULL,7,'2016-04-01 00:00:00','2016-04-25 08:23:04',1,7,2,NULL,NULL,NULL,NULL,NULL),
(144,1,NULL,0,0,0,0,0,0,0,0,0,0,0,0,0,0,NULL,7,'2016-04-01 00:00:00','2016-04-25 08:23:04',2,7,2,NULL,NULL,NULL,NULL,NULL),
(145,1,NULL,0,0,0,0,0,0,0,0,0,0,0,0,0,0,NULL,7,'2016-04-01 00:00:00','2016-04-25 08:23:04',3,7,2,NULL,NULL,NULL,NULL,NULL),
(146,1,NULL,0,0,0,0,0,0,0,0,0,0,0,0,0,0,NULL,8,'2016-04-01 00:00:00','2016-04-25 08:23:04',1,7,2,NULL,NULL,NULL,NULL,NULL),
(147,1,NULL,0,0,0,0,0,0,0,0,0,0,0,0,0,0,NULL,8,'2016-04-01 00:00:00','2016-04-25 08:23:04',2,7,2,NULL,NULL,NULL,NULL,NULL),
(148,1,NULL,0,0,0,0,0,0,0,0,0,0,0,0,0,0,NULL,8,'2016-04-01 00:00:00','2016-04-25 08:23:04',3,7,2,NULL,NULL,NULL,NULL,NULL),
(149,1,NULL,0,0,0,0,0,0,0,0,0,0,0,0,0,0,NULL,9,'2016-04-01 00:00:00','2016-04-25 08:23:04',1,7,2,NULL,NULL,NULL,NULL,NULL),
(150,1,NULL,0,0,0,0,0,0,0,0,0,0,0,0,0,0,NULL,9,'2016-04-01 00:00:00','2016-04-25 08:23:04',2,7,2,NULL,NULL,NULL,NULL,NULL),
(151,1,NULL,0,0,0,0,0,0,0,0,0,0,0,0,0,0,NULL,9,'2016-04-01 00:00:00','2016-04-25 08:23:04',3,7,2,NULL,NULL,NULL,NULL,NULL),
(152,1,NULL,0,0,0,0,0,0,0,0,0,0,0,0,0,0,NULL,10,'2016-04-01 00:00:00','2016-04-25 08:23:04',1,7,2,NULL,NULL,NULL,NULL,NULL),
(153,1,NULL,0,0,0,0,0,0,0,0,0,0,0,0,0,0,NULL,10,'2016-04-01 00:00:00','2016-04-25 08:23:04',2,7,2,NULL,NULL,NULL,NULL,NULL),
(154,1,NULL,0,0,0,0,0,0,0,0,0,0,0,0,0,0,NULL,10,'2016-04-01 00:00:00','2016-04-25 08:23:04',3,7,2,NULL,NULL,NULL,NULL,NULL),
(155,1,NULL,0,0,0,0,0,0,0,0,0,0,0,0,0,0,NULL,11,'2016-04-01 00:00:00','2016-04-25 08:23:04',1,7,2,NULL,NULL,NULL,NULL,NULL),
(156,1,NULL,0,0,0,0,0,0,0,0,0,0,0,0,0,0,NULL,11,'2016-04-01 00:00:00','2016-04-25 08:23:04',2,7,2,NULL,NULL,NULL,NULL,NULL),
(157,1,NULL,0,0,0,0,0,0,0,0,0,0,0,0,0,0,NULL,11,'2016-04-01 00:00:00','2016-04-25 08:23:04',3,7,2,NULL,NULL,NULL,NULL,NULL),
(158,1,NULL,0,0,0,0,0,0,0,0,0,0,0,0,0,0,NULL,12,'2016-04-01 00:00:00','2016-04-25 08:23:04',1,7,2,NULL,NULL,NULL,NULL,NULL),
(159,1,NULL,0,0,0,0,0,0,0,0,0,0,0,0,0,0,NULL,12,'2016-04-01 00:00:00','2016-04-25 08:23:04',2,7,2,NULL,NULL,NULL,NULL,NULL),
(160,1,NULL,0,0,0,0,0,0,0,0,0,0,0,0,0,0,NULL,12,'2016-04-01 00:00:00','2016-04-25 08:23:04',3,7,2,NULL,NULL,NULL,NULL,NULL),
(161,1,NULL,0,0,0,0,0,0,0,0,0,0,0,0,0,0,NULL,13,'2016-04-01 00:00:00','2016-04-25 08:23:04',1,7,2,NULL,NULL,NULL,NULL,NULL),
(162,1,NULL,0,0,0,0,0,0,0,0,0,0,0,0,0,0,NULL,13,'2016-04-01 00:00:00','2016-04-25 08:23:04',2,7,2,NULL,NULL,NULL,NULL,NULL),
(163,1,NULL,0,0,0,0,0,0,0,0,0,0,0,0,0,0,NULL,13,'2016-04-01 00:00:00','2016-04-25 08:23:04',3,7,2,NULL,NULL,NULL,NULL,NULL),
(164,1,NULL,0,0,0,0,0,0,0,0,0,0,0,0,0,0,NULL,14,'2016-04-01 00:00:00','2016-04-25 08:23:04',1,7,2,NULL,NULL,NULL,NULL,NULL),
(165,1,NULL,0,0,0,0,0,0,0,0,0,0,0,0,0,0,NULL,14,'2016-04-01 00:00:00','2016-04-25 08:23:04',2,7,2,NULL,NULL,NULL,NULL,NULL),
(166,1,NULL,0,0,0,0,0,0,0,0,0,0,0,0,0,0,NULL,14,'2016-04-01 00:00:00','2016-04-25 08:23:04',3,7,2,NULL,NULL,NULL,NULL,NULL),
(167,1,NULL,0,0,0,0,0,0,0,0,0,0,0,0,0,0,NULL,15,'2016-04-01 00:00:00','2016-04-25 08:23:04',1,7,2,NULL,NULL,NULL,NULL,NULL),
(168,1,NULL,0,0,0,0,0,0,0,0,0,0,0,0,0,0,NULL,15,'2016-04-01 00:00:00','2016-04-25 08:23:04',2,7,2,NULL,NULL,NULL,NULL,NULL),
(169,1,NULL,0,0,0,0,0,0,0,0,0,0,0,0,0,0,NULL,15,'2016-04-01 00:00:00','2016-04-25 08:23:04',3,7,2,NULL,NULL,NULL,NULL,NULL),
(170,1,NULL,0,0,0,0,0,0,0,0,0,0,0,0,0,0,NULL,16,'2016-04-01 00:00:00','2016-04-25 08:23:04',1,7,2,NULL,NULL,NULL,NULL,NULL),
(171,1,NULL,0,0,0,0,0,0,0,0,0,0,0,0,0,0,NULL,16,'2016-04-01 00:00:00','2016-04-25 08:23:04',2,7,2,NULL,NULL,NULL,NULL,NULL),
(172,1,NULL,0,0,0,0,0,0,0,0,0,0,0,0,0,0,NULL,16,'2016-04-01 00:00:00','2016-04-25 08:23:04',3,7,2,NULL,NULL,NULL,NULL,NULL),
(173,1,NULL,0,0,0,0,0,0,0,0,0,0,0,0,0,0,NULL,17,'2016-04-01 00:00:00','2016-04-25 08:23:04',1,7,2,NULL,NULL,NULL,NULL,NULL),
(174,1,NULL,0,0,0,0,0,0,0,0,0,0,0,0,0,0,NULL,17,'2016-04-01 00:00:00','2016-04-25 08:23:04',2,7,2,NULL,NULL,NULL,NULL,NULL),
(175,1,NULL,0,0,0,0,0,0,0,0,0,0,0,0,0,0,NULL,17,'2016-04-01 00:00:00','2016-04-25 08:23:04',3,7,2,NULL,NULL,NULL,NULL,NULL),
(176,1,NULL,0,0,0,0,0,0,0,0,0,0,0,0,0,0,NULL,18,'2016-04-01 00:00:00','2016-04-25 08:23:04',1,7,2,NULL,NULL,NULL,NULL,NULL),
(177,1,NULL,0,0,0,0,0,0,0,0,0,0,0,0,0,0,NULL,18,'2016-04-01 00:00:00','2016-04-25 08:23:04',2,7,2,NULL,NULL,NULL,NULL,NULL),
(178,1,NULL,0,0,0,0,0,0,0,0,0,0,0,0,0,0,NULL,18,'2016-04-01 00:00:00','2016-04-25 08:23:04',3,7,2,NULL,NULL,NULL,NULL,NULL),
(179,1,NULL,0,0,0,0,0,0,0,0,0,0,0,0,0,0,NULL,19,'2016-04-01 00:00:00','2016-04-25 08:23:04',1,7,2,NULL,NULL,NULL,NULL,NULL),
(180,1,NULL,0,0,0,0,0,0,0,0,0,0,0,0,0,0,NULL,19,'2016-04-01 00:00:00','2016-04-25 08:23:04',2,7,2,NULL,NULL,NULL,NULL,NULL),
(181,1,NULL,0,0,0,0,0,0,0,0,0,0,0,0,0,0,NULL,19,'2016-04-01 00:00:00','2016-04-25 08:23:04',3,7,2,NULL,NULL,NULL,NULL,NULL),
(182,1,NULL,0,0,0,0,0,0,0,0,0,0,0,0,0,0,NULL,20,'2016-04-01 00:00:00','2016-04-25 08:23:04',1,7,2,NULL,NULL,NULL,NULL,NULL),
(183,1,NULL,0,0,0,0,0,0,0,0,0,0,0,0,0,0,NULL,20,'2016-04-01 00:00:00','2016-04-25 08:23:04',2,7,2,NULL,NULL,NULL,NULL,NULL),
(184,1,NULL,0,0,0,0,0,0,0,0,0,0,0,0,0,0,NULL,20,'2016-04-01 00:00:00','2016-04-25 08:23:04',3,7,2,NULL,NULL,NULL,NULL,NULL),
(185,1,NULL,0,0,0,0,0,0,0,0,0,0,0,0,0,0,NULL,21,'2016-04-01 00:00:00','2016-04-25 08:23:04',1,7,2,NULL,NULL,NULL,NULL,NULL),
(186,1,NULL,0,0,0,0,0,0,0,0,0,0,0,0,0,0,NULL,21,'2016-04-01 00:00:00','2016-04-25 08:23:04',2,7,2,NULL,NULL,NULL,NULL,NULL),
(187,1,NULL,0,0,0,0,0,0,0,0,0,0,0,0,0,0,NULL,21,'2016-04-01 00:00:00','2016-04-25 08:23:04',3,7,2,NULL,NULL,NULL,NULL,NULL),
(188,1,NULL,0,0,0,0,0,0,0,0,0,0,0,0,0,0,NULL,22,'2016-04-01 00:00:00','2016-04-25 08:23:04',1,7,2,NULL,NULL,NULL,NULL,NULL),
(189,1,NULL,0,0,0,0,0,0,0,0,0,0,0,0,0,0,NULL,22,'2016-04-01 00:00:00','2016-04-25 08:23:04',2,7,2,NULL,NULL,NULL,NULL,NULL),
(190,1,NULL,0,0,0,0,0,0,0,0,0,0,0,0,0,0,NULL,22,'2016-04-01 00:00:00','2016-04-25 08:23:04',3,7,2,NULL,NULL,NULL,NULL,NULL),
(191,1,NULL,0,0,0,0,0,0,0,0,0,0,0,0,0,0,NULL,23,'2016-04-01 00:00:00','2016-04-25 08:23:04',1,7,2,NULL,NULL,NULL,NULL,NULL),
(192,1,NULL,0,0,0,0,0,0,0,0,0,0,0,0,0,0,NULL,23,'2016-04-01 00:00:00','2016-04-25 08:23:04',2,7,2,NULL,NULL,NULL,NULL,NULL),
(193,1,NULL,0,0,0,0,0,0,0,0,0,0,0,0,0,0,NULL,23,'2016-04-01 00:00:00','2016-04-25 08:23:04',3,7,2,NULL,NULL,NULL,NULL,NULL),
(194,1,NULL,0,0,0,0,0,0,0,0,0,0,0,0,0,0,NULL,24,'2016-04-01 00:00:00','2016-04-25 08:23:04',1,7,2,NULL,NULL,NULL,NULL,NULL),
(195,1,NULL,0,0,0,0,0,0,0,0,0,0,0,0,0,0,NULL,24,'2016-04-01 00:00:00','2016-04-25 08:23:04',2,7,2,NULL,NULL,NULL,NULL,NULL),
(196,1,NULL,0,0,0,0,0,0,0,0,0,0,0,0,0,0,NULL,24,'2016-04-01 00:00:00','2016-04-25 08:23:04',3,7,2,NULL,NULL,NULL,NULL,NULL),
(197,1,NULL,0,0,0,0,0,0,0,0,0,0,0,0,0,0,NULL,25,'2016-04-01 00:00:00','2016-04-25 08:23:04',1,7,2,NULL,NULL,NULL,NULL,NULL),
(198,1,NULL,0,0,0,0,0,0,0,0,0,0,0,0,0,0,NULL,25,'2016-04-01 00:00:00','2016-04-25 08:23:04',2,7,2,NULL,NULL,NULL,NULL,NULL),
(199,1,NULL,0,0,0,0,0,0,0,0,0,0,0,0,0,0,NULL,25,'2016-04-01 00:00:00','2016-04-25 08:23:04',3,7,2,NULL,NULL,NULL,NULL,NULL),
(200,1,NULL,0,0,0,0,0,0,0,0,0,0,0,0,0,0,NULL,26,'2016-04-01 00:00:00','2016-04-25 08:23:04',1,7,2,NULL,NULL,NULL,NULL,NULL),
(201,1,NULL,0,0,0,0,0,0,0,0,0,0,0,0,0,0,NULL,26,'2016-04-01 00:00:00','2016-04-25 08:23:04',2,7,2,NULL,NULL,NULL,NULL,NULL),
(202,1,NULL,0,0,0,0,0,0,0,0,0,0,0,0,0,0,NULL,26,'2016-04-01 00:00:00','2016-04-25 08:23:04',3,7,2,NULL,NULL,NULL,NULL,NULL),
(203,1,NULL,0,0,0,0,0,0,0,0,0,0,0,0,0,0,NULL,27,'2016-04-01 00:00:00','2016-04-25 08:23:04',1,7,2,NULL,NULL,NULL,NULL,NULL),
(204,1,NULL,0,0,0,0,0,0,0,0,0,0,0,0,0,0,NULL,27,'2016-04-01 00:00:00','2016-04-25 08:23:04',2,7,2,NULL,NULL,NULL,NULL,NULL),
(205,1,NULL,0,0,0,0,0,0,0,0,0,0,0,0,0,0,NULL,27,'2016-04-01 00:00:00','2016-04-25 08:23:04',3,7,2,NULL,NULL,NULL,NULL,NULL),
(206,1,NULL,0,0,0,0,0,0,0,0,0,0,0,0,0,0,NULL,28,'2016-04-01 00:00:00','2016-04-25 08:23:04',1,7,2,NULL,NULL,NULL,NULL,NULL),
(207,1,NULL,0,0,0,0,0,0,0,0,0,0,0,0,0,0,NULL,28,'2016-04-01 00:00:00','2016-04-25 08:23:04',2,7,2,NULL,NULL,NULL,NULL,NULL),
(208,1,NULL,0,0,0,0,0,0,0,0,0,0,0,0,0,0,NULL,28,'2016-04-01 00:00:00','2016-04-25 08:23:04',3,7,2,NULL,NULL,NULL,NULL,NULL),
(209,1,NULL,0,0,0,0,0,0,0,0,0,0,0,0,0,0,NULL,29,'2016-04-01 00:00:00','2016-04-25 08:23:04',1,7,2,NULL,NULL,NULL,NULL,NULL),
(210,1,NULL,0,0,0,0,0,0,0,0,0,0,0,0,0,0,NULL,29,'2016-04-01 00:00:00','2016-04-25 08:23:04',2,7,2,NULL,NULL,NULL,NULL,NULL),
(211,1,NULL,0,0,0,0,0,0,0,0,0,0,0,0,0,0,NULL,29,'2016-04-01 00:00:00','2016-04-25 08:23:04',3,7,2,NULL,NULL,NULL,NULL,NULL),
(212,1,NULL,0,0,0,0,0,0,0,0,0,0,0,0,0,0,NULL,30,'2016-04-01 00:00:00','2016-04-25 08:23:04',1,7,2,NULL,NULL,NULL,NULL,NULL),
(213,1,NULL,0,0,0,0,0,0,0,0,0,0,0,0,0,0,NULL,30,'2016-04-01 00:00:00','2016-04-25 08:23:04',2,7,2,NULL,NULL,NULL,NULL,NULL),
(214,1,NULL,0,0,0,0,0,0,0,0,0,0,0,0,0,0,NULL,30,'2016-04-01 00:00:00','2016-04-25 08:23:04',3,7,2,NULL,NULL,NULL,NULL,NULL),
(215,1,NULL,0,0,0,0,0,0,0,0,0,0,0,0,0,0,NULL,31,'2016-04-01 00:00:00','2016-04-25 08:23:04',1,7,2,NULL,NULL,NULL,NULL,NULL),
(216,1,NULL,0,0,0,0,0,0,0,0,0,0,0,0,0,0,NULL,31,'2016-04-01 00:00:00','2016-04-25 08:23:04',2,7,2,NULL,NULL,NULL,NULL,NULL),
(217,1,NULL,0,0,0,0,0,0,0,0,0,0,0,0,0,0,NULL,31,'2016-04-01 00:00:00','2016-04-25 08:23:04',3,7,2,NULL,NULL,NULL,NULL,NULL),
(218,1,NULL,0,0,0,0,0,0,0,0,0,0,0,0,0,0,NULL,32,'2016-04-01 00:00:00','2016-04-25 08:23:04',1,7,2,NULL,NULL,NULL,NULL,NULL),
(219,1,NULL,0,0,0,0,0,0,0,0,0,0,0,0,0,0,NULL,32,'2016-04-01 00:00:00','2016-04-25 08:23:04',2,7,2,NULL,NULL,NULL,NULL,NULL),
(220,1,NULL,0,0,0,0,0,0,0,0,0,0,0,0,0,0,NULL,32,'2016-04-01 00:00:00','2016-04-25 08:23:04',3,7,2,NULL,NULL,NULL,NULL,NULL),
(221,1,NULL,0,0,0,0,0,0,0,0,0,0,0,0,0,0,NULL,33,'2016-04-01 00:00:00','2016-04-25 08:23:04',1,7,2,NULL,NULL,NULL,NULL,NULL),
(222,1,NULL,0,0,0,0,0,0,0,0,0,0,0,0,0,0,NULL,33,'2016-04-01 00:00:00','2016-04-25 08:23:04',2,7,2,NULL,NULL,NULL,NULL,NULL),
(223,1,NULL,0,0,0,0,0,0,0,0,0,0,0,0,0,0,NULL,33,'2016-04-01 00:00:00','2016-04-25 08:23:04',3,7,2,NULL,NULL,NULL,NULL,NULL),
(224,1,NULL,0,0,0,0,0,0,0,0,0,0,0,0,0,0,NULL,1,'2016-03-25 00:00:00','2016-04-25 08:26:17',2,7,2,NULL,NULL,NULL,NULL,NULL),
(225,1,NULL,0,0,0,0,0,0,0,0,0,0,0,0,0,0,NULL,1,'2016-03-25 00:00:00','2016-04-25 08:26:17',3,7,2,NULL,NULL,NULL,NULL,NULL),
(226,1,NULL,0,0,0,0,0,0,0,0,0,0,0,0,0,0,NULL,2,'2016-03-25 00:00:00','2016-04-25 08:26:17',1,7,2,NULL,NULL,NULL,NULL,NULL),
(227,1,NULL,0,0,0,0,0,0,0,0,0,0,0,0,0,0,NULL,2,'2016-03-25 00:00:00','2016-04-25 08:26:17',2,7,2,NULL,NULL,NULL,NULL,NULL),
(228,1,NULL,0,0,0,0,0,0,0,0,0,0,0,0,0,0,NULL,2,'2016-03-25 00:00:00','2016-04-25 08:26:17',3,7,2,NULL,NULL,NULL,NULL,NULL),
(229,1,NULL,0,0,0,0,0,0,0,0,0,0,0,0,0,0,NULL,3,'2016-03-25 00:00:00','2016-04-25 08:26:17',1,7,2,NULL,NULL,NULL,NULL,NULL),
(230,1,NULL,0,0,0,0,0,0,0,0,0,0,0,0,0,0,NULL,3,'2016-03-25 00:00:00','2016-04-25 08:26:17',2,7,2,NULL,NULL,NULL,NULL,NULL),
(231,1,NULL,0,0,0,0,0,0,0,0,0,0,0,0,0,0,NULL,3,'2016-03-25 00:00:00','2016-04-25 08:26:17',3,7,2,NULL,NULL,NULL,NULL,NULL),
(232,1,NULL,0,0,0,0,0,0,0,0,0,0,0,0,0,0,NULL,4,'2016-03-25 00:00:00','2016-04-25 08:26:17',1,7,2,NULL,NULL,NULL,NULL,NULL),
(233,1,NULL,0,0,0,0,0,0,0,0,0,0,0,0,0,0,NULL,4,'2016-03-25 00:00:00','2016-04-25 08:26:17',2,7,2,NULL,NULL,NULL,NULL,NULL),
(234,1,NULL,0,0,0,0,0,0,0,0,0,0,0,0,0,0,NULL,4,'2016-03-25 00:00:00','2016-04-25 08:26:17',3,7,2,NULL,NULL,NULL,NULL,NULL),
(235,1,NULL,0,0,0,0,0,0,0,0,0,0,0,0,0,0,NULL,5,'2016-03-25 00:00:00','2016-04-25 08:26:17',1,7,2,NULL,NULL,NULL,NULL,NULL),
(236,1,NULL,0,0,0,0,0,0,0,0,0,0,0,0,0,0,NULL,5,'2016-03-25 00:00:00','2016-04-25 08:26:17',2,7,2,NULL,NULL,NULL,NULL,NULL),
(237,1,NULL,0,0,0,0,0,0,0,0,0,0,0,0,0,0,NULL,5,'2016-03-25 00:00:00','2016-04-25 08:26:17',3,7,2,NULL,NULL,NULL,NULL,NULL),
(238,1,NULL,0,0,0,0,0,0,0,0,0,0,0,0,0,0,NULL,6,'2016-03-25 00:00:00','2016-04-25 08:26:17',1,7,2,NULL,NULL,NULL,NULL,NULL),
(239,1,NULL,0,0,0,0,0,0,0,0,0,0,0,0,0,0,NULL,6,'2016-03-25 00:00:00','2016-04-25 08:26:17',2,7,2,NULL,NULL,NULL,NULL,NULL),
(240,1,NULL,0,0,0,0,0,0,0,0,0,0,0,0,0,0,NULL,6,'2016-03-25 00:00:00','2016-04-25 08:26:17',3,7,2,NULL,NULL,NULL,NULL,NULL),
(241,1,NULL,0,0,0,0,0,0,0,0,0,0,0,0,0,0,NULL,7,'2016-03-25 00:00:00','2016-04-25 08:26:17',1,7,2,NULL,NULL,NULL,NULL,NULL),
(242,1,NULL,0,0,0,0,0,0,0,0,0,0,0,0,0,0,NULL,7,'2016-03-25 00:00:00','2016-04-25 08:26:17',2,7,2,NULL,NULL,NULL,NULL,NULL),
(243,1,NULL,0,0,0,0,0,0,0,0,0,0,0,0,0,0,NULL,7,'2016-03-25 00:00:00','2016-04-25 08:26:17',3,7,2,NULL,NULL,NULL,NULL,NULL),
(244,1,NULL,0,0,0,0,0,0,0,0,0,0,0,0,0,0,NULL,8,'2016-03-25 00:00:00','2016-04-25 08:26:17',1,7,2,NULL,NULL,NULL,NULL,NULL),
(245,1,NULL,0,0,0,0,0,0,0,0,0,0,0,0,0,0,NULL,8,'2016-03-25 00:00:00','2016-04-25 08:26:17',2,7,2,NULL,NULL,NULL,NULL,NULL),
(246,1,NULL,0,0,0,0,0,0,0,0,0,0,0,0,0,0,NULL,8,'2016-03-25 00:00:00','2016-04-25 08:26:17',3,7,2,NULL,NULL,NULL,NULL,NULL),
(247,1,NULL,0,0,0,0,0,0,0,0,0,0,0,0,0,0,NULL,9,'2016-03-25 00:00:00','2016-04-25 08:26:17',1,7,2,NULL,NULL,NULL,NULL,NULL),
(248,1,NULL,0,0,0,0,0,0,0,0,0,0,0,0,0,0,NULL,9,'2016-03-25 00:00:00','2016-04-25 08:26:17',2,7,2,NULL,NULL,NULL,NULL,NULL),
(249,1,NULL,0,0,0,0,0,0,0,0,0,0,0,0,0,0,NULL,9,'2016-03-25 00:00:00','2016-04-25 08:26:17',3,7,2,NULL,NULL,NULL,NULL,NULL),
(250,1,NULL,0,0,0,0,0,0,0,0,0,0,0,0,0,0,NULL,10,'2016-03-25 00:00:00','2016-04-25 08:26:17',1,7,2,NULL,NULL,NULL,NULL,NULL),
(251,1,NULL,0,0,0,0,0,0,0,0,0,0,0,0,0,0,NULL,10,'2016-03-25 00:00:00','2016-04-25 08:26:17',2,7,2,NULL,NULL,NULL,NULL,NULL),
(252,1,NULL,0,0,0,0,0,0,0,0,0,0,0,0,0,0,NULL,10,'2016-03-25 00:00:00','2016-04-25 08:26:17',3,7,2,NULL,NULL,NULL,NULL,NULL),
(253,1,NULL,0,0,0,0,0,0,0,0,0,0,0,0,0,0,NULL,11,'2016-03-25 00:00:00','2016-04-25 08:26:17',2,7,2,NULL,NULL,NULL,NULL,NULL),
(254,1,NULL,0,0,0,0,0,0,0,0,0,0,0,0,0,0,NULL,11,'2016-03-25 00:00:00','2016-04-25 08:26:17',3,7,2,NULL,NULL,NULL,NULL,NULL),
(255,1,NULL,0,0,0,0,0,0,0,0,0,0,0,0,0,0,NULL,12,'2016-03-25 00:00:00','2016-04-25 08:26:17',1,7,2,NULL,NULL,NULL,NULL,NULL),
(256,1,NULL,0,0,0,0,0,0,0,0,0,0,0,0,0,0,NULL,12,'2016-03-25 00:00:00','2016-04-25 08:26:17',2,7,2,NULL,NULL,NULL,NULL,NULL),
(257,1,NULL,0,0,0,0,0,0,0,0,0,0,0,0,0,0,NULL,12,'2016-03-25 00:00:00','2016-04-25 08:26:17',3,7,2,NULL,NULL,NULL,NULL,NULL),
(258,1,NULL,0,0,0,0,0,0,0,0,0,0,0,0,0,0,NULL,13,'2016-03-25 00:00:00','2016-04-25 08:26:17',2,7,2,NULL,NULL,NULL,NULL,NULL),
(259,1,NULL,0,0,0,0,0,0,0,0,0,0,0,0,0,0,NULL,13,'2016-03-25 00:00:00','2016-04-25 08:26:17',3,7,2,NULL,NULL,NULL,NULL,NULL),
(260,1,NULL,0,0,0,0,0,0,0,0,0,0,0,0,0,0,NULL,14,'2016-03-25 00:00:00','2016-04-25 08:26:17',1,7,2,NULL,NULL,NULL,NULL,NULL),
(261,1,NULL,0,0,0,0,0,0,0,0,0,0,0,0,0,0,NULL,14,'2016-03-25 00:00:00','2016-04-25 08:26:17',2,7,2,NULL,NULL,NULL,NULL,NULL),
(262,1,NULL,0,0,0,0,0,0,0,0,0,0,0,0,0,0,NULL,14,'2016-03-25 00:00:00','2016-04-25 08:26:17',3,7,2,NULL,NULL,NULL,NULL,NULL),
(263,1,NULL,0,0,0,0,0,0,0,0,0,0,0,0,0,0,NULL,15,'2016-03-25 00:00:00','2016-04-25 08:26:17',2,7,2,NULL,NULL,NULL,NULL,NULL),
(264,1,NULL,0,0,0,0,0,0,0,0,0,0,0,0,0,0,NULL,15,'2016-03-25 00:00:00','2016-04-25 08:26:17',3,7,2,NULL,NULL,NULL,NULL,NULL),
(265,1,NULL,0,0,0,0,0,0,0,0,0,0,0,0,0,0,NULL,16,'2016-03-25 00:00:00','2016-04-25 08:26:17',1,7,2,NULL,NULL,NULL,NULL,NULL),
(266,1,NULL,0,0,0,0,0,0,0,0,0,0,0,0,0,0,NULL,16,'2016-03-25 00:00:00','2016-04-25 08:26:17',2,7,2,NULL,NULL,NULL,NULL,NULL),
(267,1,NULL,0,0,0,0,0,0,0,0,0,0,0,0,0,0,NULL,16,'2016-03-25 00:00:00','2016-04-25 08:26:17',3,7,2,NULL,NULL,NULL,NULL,NULL),
(268,1,NULL,0,0,0,0,0,0,0,0,0,0,0,0,0,0,NULL,17,'2016-03-25 00:00:00','2016-04-25 08:26:17',1,7,2,NULL,NULL,NULL,NULL,NULL),
(269,1,NULL,0,0,0,0,0,0,0,0,0,0,0,0,0,0,NULL,17,'2016-03-25 00:00:00','2016-04-25 08:26:17',2,7,2,NULL,NULL,NULL,NULL,NULL),
(270,1,NULL,0,0,0,0,0,0,0,0,0,0,0,0,0,0,NULL,17,'2016-03-25 00:00:00','2016-04-25 08:26:17',3,7,2,NULL,NULL,NULL,NULL,NULL),
(271,1,NULL,0,0,0,0,0,0,0,0,0,0,0,0,0,0,NULL,18,'2016-03-25 00:00:00','2016-04-25 08:26:17',1,7,2,NULL,NULL,NULL,NULL,NULL),
(272,1,NULL,0,0,0,0,0,0,0,0,0,0,0,0,0,0,NULL,18,'2016-03-25 00:00:00','2016-04-25 08:26:17',2,7,2,NULL,NULL,NULL,NULL,NULL),
(273,1,NULL,0,0,0,0,0,0,0,0,0,0,0,0,0,0,NULL,18,'2016-03-25 00:00:00','2016-04-25 08:26:17',3,7,2,NULL,NULL,NULL,NULL,NULL),
(274,1,NULL,0,0,0,0,0,0,0,0,0,0,0,0,0,0,NULL,19,'2016-03-25 00:00:00','2016-04-25 08:26:17',1,7,2,NULL,NULL,NULL,NULL,NULL),
(275,1,NULL,0,0,0,0,0,0,0,0,0,0,0,0,0,0,NULL,19,'2016-03-25 00:00:00','2016-04-25 08:26:17',2,7,2,NULL,NULL,NULL,NULL,NULL),
(276,1,NULL,0,0,0,0,0,0,0,0,0,0,0,0,0,0,NULL,19,'2016-03-25 00:00:00','2016-04-25 08:26:17',3,7,2,NULL,NULL,NULL,NULL,NULL),
(277,1,NULL,0,0,0,0,0,0,0,0,0,0,0,0,0,0,NULL,20,'2016-03-25 00:00:00','2016-04-25 08:26:17',1,7,2,NULL,NULL,NULL,NULL,NULL),
(278,1,NULL,0,0,0,0,0,0,0,0,0,0,0,0,0,0,NULL,20,'2016-03-25 00:00:00','2016-04-25 08:26:17',2,7,2,NULL,NULL,NULL,NULL,NULL),
(279,1,NULL,0,0,0,0,0,0,0,0,0,0,0,0,0,0,NULL,20,'2016-03-25 00:00:00','2016-04-25 08:26:17',3,7,2,NULL,NULL,NULL,NULL,NULL),
(280,1,NULL,0,0,0,0,0,0,0,0,0,0,0,0,0,0,NULL,21,'2016-03-25 00:00:00','2016-04-25 08:26:17',1,7,2,NULL,NULL,NULL,NULL,NULL),
(281,1,NULL,0,0,0,0,0,0,0,0,0,0,0,0,0,0,NULL,21,'2016-03-25 00:00:00','2016-04-25 08:26:17',2,7,2,NULL,NULL,NULL,NULL,NULL),
(282,1,NULL,0,0,0,0,0,0,0,0,0,0,0,0,0,0,NULL,21,'2016-03-25 00:00:00','2016-04-25 08:26:17',3,7,2,NULL,NULL,NULL,NULL,NULL),
(283,1,NULL,0,0,0,0,0,0,0,0,0,0,0,0,0,0,NULL,22,'2016-03-25 00:00:00','2016-04-25 08:26:17',1,7,2,NULL,NULL,NULL,NULL,NULL),
(284,1,NULL,0,0,0,0,0,0,0,0,0,0,0,0,0,0,NULL,22,'2016-03-25 00:00:00','2016-04-25 08:26:17',2,7,2,NULL,NULL,NULL,NULL,NULL),
(285,1,NULL,0,0,0,0,0,0,0,0,0,0,0,0,0,0,NULL,22,'2016-03-25 00:00:00','2016-04-25 08:26:17',3,7,2,NULL,NULL,NULL,NULL,NULL),
(286,1,NULL,0,0,0,0,0,0,0,0,0,0,0,0,0,0,NULL,23,'2016-03-25 00:00:00','2016-04-25 08:26:17',1,7,2,NULL,NULL,NULL,NULL,NULL),
(287,1,NULL,0,0,0,0,0,0,0,0,0,0,0,0,0,0,NULL,23,'2016-03-25 00:00:00','2016-04-25 08:26:17',2,7,2,NULL,NULL,NULL,NULL,NULL),
(288,1,NULL,0,0,0,0,0,0,0,0,0,0,0,0,0,0,NULL,23,'2016-03-25 00:00:00','2016-04-25 08:26:17',3,7,2,NULL,NULL,NULL,NULL,NULL),
(289,1,NULL,0,0,0,0,0,0,0,0,0,0,0,0,0,0,NULL,24,'2016-03-25 00:00:00','2016-04-25 08:26:17',1,7,2,NULL,NULL,NULL,NULL,NULL),
(290,1,NULL,0,0,0,0,0,0,0,0,0,0,0,0,0,0,NULL,24,'2016-03-25 00:00:00','2016-04-25 08:26:17',3,7,2,NULL,NULL,NULL,NULL,NULL),
(291,1,NULL,0,0,0,0,0,0,0,0,0,0,0,0,0,0,NULL,25,'2016-03-25 00:00:00','2016-04-25 08:26:17',1,7,2,NULL,NULL,NULL,NULL,NULL),
(292,1,NULL,0,0,0,0,0,0,0,0,0,0,0,0,0,0,NULL,25,'2016-03-25 00:00:00','2016-04-25 08:26:17',2,7,2,NULL,NULL,NULL,NULL,NULL),
(293,1,NULL,0,0,0,0,0,0,0,0,0,0,0,0,0,0,NULL,25,'2016-03-25 00:00:00','2016-04-25 08:26:17',3,7,2,NULL,NULL,NULL,NULL,NULL),
(294,1,NULL,0,0,0,0,0,0,0,0,0,0,0,0,0,0,NULL,26,'2016-03-25 00:00:00','2016-04-25 08:26:17',1,7,2,NULL,NULL,NULL,NULL,NULL),
(295,1,NULL,0,0,0,0,0,0,0,0,0,0,0,0,0,0,NULL,26,'2016-03-25 00:00:00','2016-04-25 08:26:17',2,7,2,NULL,NULL,NULL,NULL,NULL),
(296,1,NULL,0,0,0,0,0,0,0,0,0,0,0,0,0,0,NULL,27,'2016-03-25 00:00:00','2016-04-25 08:26:17',1,7,2,NULL,NULL,NULL,NULL,NULL),
(297,1,NULL,0,0,0,0,0,0,0,0,0,0,0,0,0,0,NULL,27,'2016-03-25 00:00:00','2016-04-25 08:26:18',2,7,2,NULL,NULL,NULL,NULL,NULL),
(298,1,NULL,0,0,0,0,0,0,0,0,0,0,0,0,0,0,NULL,27,'2016-03-25 00:00:00','2016-04-25 08:26:18',3,7,2,NULL,NULL,NULL,NULL,NULL),
(299,1,NULL,0,0,0,0,0,0,0,0,0,0,0,0,0,0,NULL,28,'2016-03-25 00:00:00','2016-04-25 08:26:18',1,7,2,NULL,NULL,NULL,NULL,NULL),
(300,1,NULL,0,0,0,0,0,0,0,0,0,0,0,0,0,0,NULL,28,'2016-03-25 00:00:00','2016-04-25 08:26:18',2,7,2,NULL,NULL,NULL,NULL,NULL),
(301,1,NULL,0,0,0,0,0,0,0,0,0,0,0,0,0,0,NULL,28,'2016-03-25 00:00:00','2016-04-25 08:26:18',3,7,2,NULL,NULL,NULL,NULL,NULL),
(302,1,NULL,0,0,0,0,0,0,0,0,0,0,0,0,0,0,NULL,29,'2016-03-25 00:00:00','2016-04-25 08:26:18',1,7,2,NULL,NULL,NULL,NULL,NULL),
(303,1,NULL,0,0,0,0,0,0,0,0,0,0,0,0,0,0,NULL,29,'2016-03-25 00:00:00','2016-04-25 08:26:18',2,7,2,NULL,NULL,NULL,NULL,NULL),
(304,1,NULL,0,0,0,0,0,0,0,0,0,0,0,0,0,0,NULL,29,'2016-03-25 00:00:00','2016-04-25 08:26:18',3,7,2,NULL,NULL,NULL,NULL,NULL),
(305,1,NULL,0,0,0,0,0,0,0,0,0,0,0,0,0,0,NULL,30,'2016-03-25 00:00:00','2016-04-25 08:26:18',1,7,2,NULL,NULL,NULL,NULL,NULL),
(306,1,NULL,0,0,0,0,0,0,0,0,0,0,0,0,0,0,NULL,30,'2016-03-25 00:00:00','2016-04-25 08:26:18',2,7,2,NULL,NULL,NULL,NULL,NULL),
(307,1,NULL,0,0,0,0,0,0,0,0,0,0,0,0,0,0,NULL,30,'2016-03-25 00:00:00','2016-04-25 08:26:18',3,7,2,NULL,NULL,NULL,NULL,NULL),
(308,1,NULL,0,0,0,0,0,0,0,0,0,0,0,0,0,0,NULL,31,'2016-03-25 00:00:00','2016-04-25 08:26:18',1,7,2,NULL,NULL,NULL,NULL,NULL),
(309,1,NULL,0,0,0,0,0,0,0,0,0,0,0,0,0,0,NULL,31,'2016-03-25 00:00:00','2016-04-25 08:26:18',2,7,2,NULL,NULL,NULL,NULL,NULL),
(310,1,NULL,0,0,0,0,0,0,0,0,0,0,0,0,0,0,NULL,31,'2016-03-25 00:00:00','2016-04-25 08:26:18',3,7,2,NULL,NULL,NULL,NULL,NULL),
(311,1,NULL,0,0,0,0,0,0,0,0,0,0,0,0,0,0,NULL,32,'2016-03-25 00:00:00','2016-04-25 08:26:18',1,7,2,NULL,NULL,NULL,NULL,NULL),
(312,1,NULL,0,0,0,0,0,0,0,0,0,0,0,0,0,0,NULL,32,'2016-03-25 00:00:00','2016-04-25 08:26:18',2,7,2,NULL,NULL,NULL,NULL,NULL),
(313,1,NULL,0,0,0,0,0,0,0,0,0,0,0,0,0,0,NULL,32,'2016-03-25 00:00:00','2016-04-25 08:26:18',3,7,2,NULL,NULL,NULL,NULL,NULL),
(314,1,NULL,0,0,0,0,0,0,0,0,0,0,0,0,0,0,NULL,33,'2016-03-25 00:00:00','2016-04-25 08:26:18',1,7,2,NULL,NULL,NULL,NULL,NULL),
(315,1,NULL,0,0,0,0,0,0,0,0,0,0,0,0,0,0,NULL,33,'2016-03-25 00:00:00','2016-04-25 08:26:18',2,7,2,NULL,NULL,NULL,NULL,NULL),
(316,1,NULL,0,0,0,0,0,0,0,0,0,0,0,0,0,0,NULL,33,'2016-03-25 00:00:00','2016-04-25 08:26:18',3,7,2,NULL,NULL,NULL,NULL,NULL),
(317,1,NULL,0,0,0,0,0,0,0,0,0,0,0,0,0,0,'',1,'2016-04-25 08:28:38',NULL,1,7,2,NULL,NULL,NULL,NULL,NULL),
(318,0,NULL,0,0,0,0,0,0,0,0,0,0,0,0,0,0,'',4,'2016-04-25 08:29:14',NULL,2,7,1,NULL,NULL,NULL,NULL,NULL),
(319,1,NULL,0,0,0,0,0,0,0,0,0,0,0,0,0,0,'',1,'2016-04-26 14:31:16',NULL,2,7,1,'2016-04-26-09-31-16ran180rw.jpg','2016-04-26-09-31-16ran270rw.jpg','2016-04-26-09-31-16ran312rw.jpg','2016-04-26-09-31-16ran489rw.jpg','2016-04-26-09-31-16ran551rw.jpg'),
(320,1,NULL,0,0,0,0,0,0,0,0,0,0,0,0,0,0,'',1,'2016-04-26 14:32:49',NULL,2,7,1,'2016-04-26-09-32-49num1ran56rw.jpg','2016-04-26-09-32-49num2ran95rw.jpg','2016-04-26-09-32-49num3ran89rw.jpg','2016-04-26-09-32-49num4ran25rw.jpg','2016-04-26-09-32-49num5ran28rw.jpg'),
(321,1,NULL,0,0,0,0,0,0,0,0,0,0,0,0,0,0,NULL,1,'2016-04-26 00:00:00','2016-04-26 14:36:17',1,7,2,NULL,NULL,NULL,NULL,NULL),
(322,1,NULL,0,0,0,0,0,0,0,0,0,0,0,0,0,0,NULL,1,'2016-04-26 00:00:00','2016-04-26 14:36:17',3,7,2,NULL,NULL,NULL,NULL,NULL),
(323,1,NULL,0,0,0,0,0,0,0,0,0,0,0,0,0,0,NULL,2,'2016-04-26 00:00:00','2016-04-26 14:36:17',1,7,2,NULL,NULL,NULL,NULL,NULL),
(324,1,NULL,0,0,0,0,0,0,0,0,0,0,0,0,0,0,NULL,2,'2016-04-26 00:00:00','2016-04-26 14:36:17',2,7,2,NULL,NULL,NULL,NULL,NULL),
(325,1,NULL,0,0,0,0,0,0,0,0,0,0,0,0,0,0,NULL,2,'2016-04-26 00:00:00','2016-04-26 14:36:17',3,7,2,NULL,NULL,NULL,NULL,NULL),
(326,1,NULL,0,0,0,0,0,0,0,0,0,0,0,0,0,0,NULL,3,'2016-04-26 00:00:00','2016-04-26 14:36:17',1,7,2,NULL,NULL,NULL,NULL,NULL),
(327,1,NULL,0,0,0,0,0,0,0,0,0,0,0,0,0,0,NULL,3,'2016-04-26 00:00:00','2016-04-26 14:36:18',2,7,2,NULL,NULL,NULL,NULL,NULL),
(328,1,NULL,0,0,0,0,0,0,0,0,0,0,0,0,0,0,NULL,3,'2016-04-26 00:00:00','2016-04-26 14:36:18',3,7,2,NULL,NULL,NULL,NULL,NULL),
(329,1,NULL,0,0,0,0,0,0,0,0,0,0,0,0,0,0,NULL,4,'2016-04-26 00:00:00','2016-04-26 14:36:18',1,7,2,NULL,NULL,NULL,NULL,NULL),
(330,1,NULL,0,0,0,0,0,0,0,0,0,0,0,0,0,0,NULL,4,'2016-04-26 00:00:00','2016-04-26 14:36:18',2,7,2,NULL,NULL,NULL,NULL,NULL),
(331,1,NULL,0,0,0,0,0,0,0,0,0,0,0,0,0,0,NULL,4,'2016-04-26 00:00:00','2016-04-26 14:36:18',3,7,2,NULL,NULL,NULL,NULL,NULL),
(332,1,NULL,0,0,0,0,0,0,0,0,0,0,0,0,0,0,NULL,5,'2016-04-26 00:00:00','2016-04-26 14:36:18',1,7,2,NULL,NULL,NULL,NULL,NULL),
(333,1,NULL,0,0,0,0,0,0,0,0,0,0,0,0,0,0,NULL,5,'2016-04-26 00:00:00','2016-04-26 14:36:18',2,7,2,NULL,NULL,NULL,NULL,NULL),
(334,1,NULL,0,0,0,0,0,0,0,0,0,0,0,0,0,0,NULL,5,'2016-04-26 00:00:00','2016-04-26 14:36:18',3,7,2,NULL,NULL,NULL,NULL,NULL),
(335,1,NULL,0,0,0,0,0,0,0,0,0,0,0,0,0,0,NULL,6,'2016-04-26 00:00:00','2016-04-26 14:36:18',1,7,2,NULL,NULL,NULL,NULL,NULL),
(336,1,NULL,0,0,0,0,0,0,0,0,0,0,0,0,0,0,NULL,6,'2016-04-26 00:00:00','2016-04-26 14:36:18',2,7,2,NULL,NULL,NULL,NULL,NULL),
(337,1,NULL,0,0,0,0,0,0,0,0,0,0,0,0,0,0,NULL,6,'2016-04-26 00:00:00','2016-04-26 14:36:18',3,7,2,NULL,NULL,NULL,NULL,NULL),
(338,1,NULL,0,0,0,0,0,0,0,0,0,0,0,0,0,0,NULL,7,'2016-04-26 00:00:00','2016-04-26 14:36:18',1,7,2,NULL,NULL,NULL,NULL,NULL),
(339,1,NULL,0,0,0,0,0,0,0,0,0,0,0,0,0,0,NULL,7,'2016-04-26 00:00:00','2016-04-26 14:36:18',2,7,2,NULL,NULL,NULL,NULL,NULL),
(340,1,NULL,0,0,0,0,0,0,0,0,0,0,0,0,0,0,NULL,7,'2016-04-26 00:00:00','2016-04-26 14:36:18',3,7,2,NULL,NULL,NULL,NULL,NULL),
(341,1,NULL,0,0,0,0,0,0,0,0,0,0,0,0,0,0,NULL,8,'2016-04-26 00:00:00','2016-04-26 14:36:18',1,7,2,NULL,NULL,NULL,NULL,NULL),
(342,1,NULL,0,0,0,0,0,0,0,0,0,0,0,0,0,0,NULL,8,'2016-04-26 00:00:00','2016-04-26 14:36:18',2,7,2,NULL,NULL,NULL,NULL,NULL),
(343,1,NULL,0,0,0,0,0,0,0,0,0,0,0,0,0,0,NULL,8,'2016-04-26 00:00:00','2016-04-26 14:36:18',3,7,2,NULL,NULL,NULL,NULL,NULL),
(344,1,NULL,0,0,0,0,0,0,0,0,0,0,0,0,0,0,NULL,9,'2016-04-26 00:00:00','2016-04-26 14:36:18',1,7,2,NULL,NULL,NULL,NULL,NULL),
(345,1,NULL,0,0,0,0,0,0,0,0,0,0,0,0,0,0,NULL,9,'2016-04-26 00:00:00','2016-04-26 14:36:18',2,7,2,NULL,NULL,NULL,NULL,NULL),
(346,1,NULL,0,0,0,0,0,0,0,0,0,0,0,0,0,0,NULL,9,'2016-04-26 00:00:00','2016-04-26 14:36:18',3,7,2,NULL,NULL,NULL,NULL,NULL),
(347,1,NULL,0,0,0,0,0,0,0,0,0,0,0,0,0,0,NULL,10,'2016-04-26 00:00:00','2016-04-26 14:36:18',1,7,2,NULL,NULL,NULL,NULL,NULL),
(348,1,NULL,0,0,0,0,0,0,0,0,0,0,0,0,0,0,NULL,10,'2016-04-26 00:00:00','2016-04-26 14:36:18',2,7,2,NULL,NULL,NULL,NULL,NULL),
(349,1,NULL,0,0,0,0,0,0,0,0,0,0,0,0,0,0,NULL,10,'2016-04-26 00:00:00','2016-04-26 14:36:18',3,7,2,NULL,NULL,NULL,NULL,NULL),
(350,1,NULL,0,0,0,0,0,0,0,0,0,0,0,0,0,0,NULL,11,'2016-04-26 00:00:00','2016-04-26 14:36:18',1,7,2,NULL,NULL,NULL,NULL,NULL),
(351,1,NULL,0,0,0,0,0,0,0,0,0,0,0,0,0,0,NULL,11,'2016-04-26 00:00:00','2016-04-26 14:36:18',2,7,2,NULL,NULL,NULL,NULL,NULL),
(352,1,NULL,0,0,0,0,0,0,0,0,0,0,0,0,0,0,NULL,11,'2016-04-26 00:00:00','2016-04-26 14:36:18',3,7,2,NULL,NULL,NULL,NULL,NULL),
(353,1,NULL,0,0,0,0,0,0,0,0,0,0,0,0,0,0,NULL,12,'2016-04-26 00:00:00','2016-04-26 14:36:18',1,7,2,NULL,NULL,NULL,NULL,NULL),
(354,1,NULL,0,0,0,0,0,0,0,0,0,0,0,0,0,0,NULL,12,'2016-04-26 00:00:00','2016-04-26 14:36:18',2,7,2,NULL,NULL,NULL,NULL,NULL),
(355,1,NULL,0,0,0,0,0,0,0,0,0,0,0,0,0,0,NULL,12,'2016-04-26 00:00:00','2016-04-26 14:36:18',3,7,2,NULL,NULL,NULL,NULL,NULL),
(356,1,NULL,0,0,0,0,0,0,0,0,0,0,0,0,0,0,NULL,13,'2016-04-26 00:00:00','2016-04-26 14:36:18',1,7,2,NULL,NULL,NULL,NULL,NULL),
(357,1,NULL,0,0,0,0,0,0,0,0,0,0,0,0,0,0,NULL,13,'2016-04-26 00:00:00','2016-04-26 14:36:18',2,7,2,NULL,NULL,NULL,NULL,NULL),
(358,1,NULL,0,0,0,0,0,0,0,0,0,0,0,0,0,0,NULL,13,'2016-04-26 00:00:00','2016-04-26 14:36:18',3,7,2,NULL,NULL,NULL,NULL,NULL),
(359,1,NULL,0,0,0,0,0,0,0,0,0,0,0,0,0,0,NULL,14,'2016-04-26 00:00:00','2016-04-26 14:36:18',1,7,2,NULL,NULL,NULL,NULL,NULL),
(360,1,NULL,0,0,0,0,0,0,0,0,0,0,0,0,0,0,NULL,14,'2016-04-26 00:00:00','2016-04-26 14:36:18',2,7,2,NULL,NULL,NULL,NULL,NULL),
(361,1,NULL,0,0,0,0,0,0,0,0,0,0,0,0,0,0,NULL,14,'2016-04-26 00:00:00','2016-04-26 14:36:18',3,7,2,NULL,NULL,NULL,NULL,NULL),
(362,1,NULL,0,0,0,0,0,0,0,0,0,0,0,0,0,0,NULL,15,'2016-04-26 00:00:00','2016-04-26 14:36:18',1,7,2,NULL,NULL,NULL,NULL,NULL),
(363,1,NULL,0,0,0,0,0,0,0,0,0,0,0,0,0,0,NULL,15,'2016-04-26 00:00:00','2016-04-26 14:36:18',2,7,2,NULL,NULL,NULL,NULL,NULL),
(364,1,NULL,0,0,0,0,0,0,0,0,0,0,0,0,0,0,NULL,15,'2016-04-26 00:00:00','2016-04-26 14:36:18',3,7,2,NULL,NULL,NULL,NULL,NULL),
(365,1,NULL,0,0,0,0,0,0,0,0,0,0,0,0,0,0,NULL,16,'2016-04-26 00:00:00','2016-04-26 14:36:18',1,7,2,NULL,NULL,NULL,NULL,NULL),
(366,1,NULL,0,0,0,0,0,0,0,0,0,0,0,0,0,0,NULL,16,'2016-04-26 00:00:00','2016-04-26 14:36:18',2,7,2,NULL,NULL,NULL,NULL,NULL),
(367,1,NULL,0,0,0,0,0,0,0,0,0,0,0,0,0,0,NULL,16,'2016-04-26 00:00:00','2016-04-26 14:36:18',3,7,2,NULL,NULL,NULL,NULL,NULL),
(368,1,NULL,0,0,0,0,0,0,0,0,0,0,0,0,0,0,NULL,17,'2016-04-26 00:00:00','2016-04-26 14:36:18',1,7,2,NULL,NULL,NULL,NULL,NULL),
(369,1,NULL,0,0,0,0,0,0,0,0,0,0,0,0,0,0,NULL,17,'2016-04-26 00:00:00','2016-04-26 14:36:18',2,7,2,NULL,NULL,NULL,NULL,NULL),
(370,1,NULL,0,0,0,0,0,0,0,0,0,0,0,0,0,0,NULL,17,'2016-04-26 00:00:00','2016-04-26 14:36:18',3,7,2,NULL,NULL,NULL,NULL,NULL),
(371,1,NULL,0,0,0,0,0,0,0,0,0,0,0,0,0,0,NULL,18,'2016-04-26 00:00:00','2016-04-26 14:36:18',1,7,2,NULL,NULL,NULL,NULL,NULL),
(372,1,NULL,0,0,0,0,0,0,0,0,0,0,0,0,0,0,NULL,18,'2016-04-26 00:00:00','2016-04-26 14:36:18',2,7,2,NULL,NULL,NULL,NULL,NULL),
(373,1,NULL,0,0,0,0,0,0,0,0,0,0,0,0,0,0,NULL,18,'2016-04-26 00:00:00','2016-04-26 14:36:18',3,7,2,NULL,NULL,NULL,NULL,NULL),
(374,1,NULL,0,0,0,0,0,0,0,0,0,0,0,0,0,0,NULL,19,'2016-04-26 00:00:00','2016-04-26 14:36:18',1,7,2,NULL,NULL,NULL,NULL,NULL),
(375,1,NULL,0,0,0,0,0,0,0,0,0,0,0,0,0,0,NULL,19,'2016-04-26 00:00:00','2016-04-26 14:36:18',2,7,2,NULL,NULL,NULL,NULL,NULL),
(376,1,NULL,0,0,0,0,0,0,0,0,0,0,0,0,0,0,NULL,19,'2016-04-26 00:00:00','2016-04-26 14:36:18',3,7,2,NULL,NULL,NULL,NULL,NULL),
(377,1,NULL,0,0,0,0,0,0,0,0,0,0,0,0,0,0,NULL,20,'2016-04-26 00:00:00','2016-04-26 14:36:18',1,7,2,NULL,NULL,NULL,NULL,NULL),
(378,1,NULL,0,0,0,0,0,0,0,0,0,0,0,0,0,0,NULL,20,'2016-04-26 00:00:00','2016-04-26 14:36:18',2,7,2,NULL,NULL,NULL,NULL,NULL),
(379,1,NULL,0,0,0,0,0,0,0,0,0,0,0,0,0,0,NULL,20,'2016-04-26 00:00:00','2016-04-26 14:36:18',3,7,2,NULL,NULL,NULL,NULL,NULL),
(380,1,NULL,0,0,0,0,0,0,0,0,0,0,0,0,0,0,NULL,21,'2016-04-26 00:00:00','2016-04-26 14:36:18',1,7,2,NULL,NULL,NULL,NULL,NULL),
(381,1,NULL,0,0,0,0,0,0,0,0,0,0,0,0,0,0,NULL,21,'2016-04-26 00:00:00','2016-04-26 14:36:18',2,7,2,NULL,NULL,NULL,NULL,NULL),
(382,1,NULL,0,0,0,0,0,0,0,0,0,0,0,0,0,0,NULL,21,'2016-04-26 00:00:00','2016-04-26 14:36:18',3,7,2,NULL,NULL,NULL,NULL,NULL),
(383,1,NULL,0,0,0,0,0,0,0,0,0,0,0,0,0,0,NULL,22,'2016-04-26 00:00:00','2016-04-26 14:36:18',1,7,2,NULL,NULL,NULL,NULL,NULL),
(384,1,NULL,0,0,0,0,0,0,0,0,0,0,0,0,0,0,NULL,22,'2016-04-26 00:00:00','2016-04-26 14:36:18',2,7,2,NULL,NULL,NULL,NULL,NULL),
(385,1,NULL,0,0,0,0,0,0,0,0,0,0,0,0,0,0,NULL,22,'2016-04-26 00:00:00','2016-04-26 14:36:18',3,7,2,NULL,NULL,NULL,NULL,NULL),
(386,1,NULL,0,0,0,0,0,0,0,0,0,0,0,0,0,0,NULL,23,'2016-04-26 00:00:00','2016-04-26 14:36:18',1,7,2,NULL,NULL,NULL,NULL,NULL),
(387,1,NULL,0,0,0,0,0,0,0,0,0,0,0,0,0,0,NULL,23,'2016-04-26 00:00:00','2016-04-26 14:36:18',2,7,2,NULL,NULL,NULL,NULL,NULL),
(388,1,NULL,0,0,0,0,0,0,0,0,0,0,0,0,0,0,NULL,23,'2016-04-26 00:00:00','2016-04-26 14:36:18',3,7,2,NULL,NULL,NULL,NULL,NULL),
(389,1,NULL,0,0,0,0,0,0,0,0,0,0,0,0,0,0,NULL,24,'2016-04-26 00:00:00','2016-04-26 14:36:18',1,7,2,NULL,NULL,NULL,NULL,NULL),
(390,1,NULL,0,0,0,0,0,0,0,0,0,0,0,0,0,0,NULL,24,'2016-04-26 00:00:00','2016-04-26 14:36:18',2,7,2,NULL,NULL,NULL,NULL,NULL),
(391,1,NULL,0,0,0,0,0,0,0,0,0,0,0,0,0,0,NULL,24,'2016-04-26 00:00:00','2016-04-26 14:36:18',3,7,2,NULL,NULL,NULL,NULL,NULL),
(392,1,NULL,0,0,0,0,0,0,0,0,0,0,0,0,0,0,NULL,25,'2016-04-26 00:00:00','2016-04-26 14:36:18',1,7,2,NULL,NULL,NULL,NULL,NULL),
(393,1,NULL,0,0,0,0,0,0,0,0,0,0,0,0,0,0,NULL,25,'2016-04-26 00:00:00','2016-04-26 14:36:18',2,7,2,NULL,NULL,NULL,NULL,NULL),
(394,1,NULL,0,0,0,0,0,0,0,0,0,0,0,0,0,0,NULL,25,'2016-04-26 00:00:00','2016-04-26 14:36:18',3,7,2,NULL,NULL,NULL,NULL,NULL),
(395,1,NULL,0,0,0,0,0,0,0,0,0,0,0,0,0,0,NULL,26,'2016-04-26 00:00:00','2016-04-26 14:36:18',1,7,2,NULL,NULL,NULL,NULL,NULL),
(396,1,NULL,0,0,0,0,0,0,0,0,0,0,0,0,0,0,NULL,26,'2016-04-26 00:00:00','2016-04-26 14:36:18',2,7,2,NULL,NULL,NULL,NULL,NULL),
(397,1,NULL,0,0,0,0,0,0,0,0,0,0,0,0,0,0,NULL,26,'2016-04-26 00:00:00','2016-04-26 14:36:18',3,7,2,NULL,NULL,NULL,NULL,NULL),
(398,1,NULL,0,0,0,0,0,0,0,0,0,0,0,0,0,0,NULL,27,'2016-04-26 00:00:00','2016-04-26 14:36:18',1,7,2,NULL,NULL,NULL,NULL,NULL),
(399,1,NULL,0,0,0,0,0,0,0,0,0,0,0,0,0,0,NULL,27,'2016-04-26 00:00:00','2016-04-26 14:36:18',2,7,2,NULL,NULL,NULL,NULL,NULL),
(400,1,NULL,0,0,0,0,0,0,0,0,0,0,0,0,0,0,NULL,27,'2016-04-26 00:00:00','2016-04-26 14:36:18',3,7,2,NULL,NULL,NULL,NULL,NULL),
(401,1,NULL,0,0,0,0,0,0,0,0,0,0,0,0,0,0,NULL,28,'2016-04-26 00:00:00','2016-04-26 14:36:18',1,7,2,NULL,NULL,NULL,NULL,NULL),
(402,1,NULL,0,0,0,0,0,0,0,0,0,0,0,0,0,0,NULL,28,'2016-04-26 00:00:00','2016-04-26 14:36:18',2,7,2,NULL,NULL,NULL,NULL,NULL),
(403,1,NULL,0,0,0,0,0,0,0,0,0,0,0,0,0,0,NULL,28,'2016-04-26 00:00:00','2016-04-26 14:36:18',3,7,2,NULL,NULL,NULL,NULL,NULL),
(404,1,NULL,0,0,0,0,0,0,0,0,0,0,0,0,0,0,NULL,29,'2016-04-26 00:00:00','2016-04-26 14:36:18',1,7,2,NULL,NULL,NULL,NULL,NULL),
(405,1,NULL,0,0,0,0,0,0,0,0,0,0,0,0,0,0,NULL,29,'2016-04-26 00:00:00','2016-04-26 14:36:18',2,7,2,NULL,NULL,NULL,NULL,NULL),
(406,1,NULL,0,0,0,0,0,0,0,0,0,0,0,0,0,0,NULL,29,'2016-04-26 00:00:00','2016-04-26 14:36:18',3,7,2,NULL,NULL,NULL,NULL,NULL),
(407,1,NULL,0,0,0,0,0,0,0,0,0,0,0,0,0,0,NULL,30,'2016-04-26 00:00:00','2016-04-26 14:36:19',1,7,2,NULL,NULL,NULL,NULL,NULL),
(408,1,NULL,0,0,0,0,0,0,0,0,0,0,0,0,0,0,NULL,30,'2016-04-26 00:00:00','2016-04-26 14:36:19',2,7,2,NULL,NULL,NULL,NULL,NULL),
(409,1,NULL,0,0,0,0,0,0,0,0,0,0,0,0,0,0,NULL,30,'2016-04-26 00:00:00','2016-04-26 14:36:19',3,7,2,NULL,NULL,NULL,NULL,NULL),
(410,1,NULL,0,0,0,0,0,0,0,0,0,0,0,0,0,0,NULL,31,'2016-04-26 00:00:00','2016-04-26 14:36:19',1,7,2,NULL,NULL,NULL,NULL,NULL),
(411,1,NULL,0,0,0,0,0,0,0,0,0,0,0,0,0,0,NULL,31,'2016-04-26 00:00:00','2016-04-26 14:36:19',2,7,2,NULL,NULL,NULL,NULL,NULL),
(412,1,NULL,0,0,0,0,0,0,0,0,0,0,0,0,0,0,NULL,31,'2016-04-26 00:00:00','2016-04-26 14:36:19',3,7,2,NULL,NULL,NULL,NULL,NULL),
(413,1,NULL,0,0,0,0,0,0,0,0,0,0,0,0,0,0,NULL,32,'2016-04-26 00:00:00','2016-04-26 14:36:19',1,7,2,NULL,NULL,NULL,NULL,NULL),
(414,1,NULL,0,0,0,0,0,0,0,0,0,0,0,0,0,0,NULL,32,'2016-04-26 00:00:00','2016-04-26 14:36:19',2,7,2,NULL,NULL,NULL,NULL,NULL),
(415,1,NULL,0,0,0,0,0,0,0,0,0,0,0,0,0,0,NULL,32,'2016-04-26 00:00:00','2016-04-26 14:36:19',3,7,2,NULL,NULL,NULL,NULL,NULL),
(416,1,NULL,0,0,0,0,0,0,0,0,0,0,0,0,0,0,NULL,33,'2016-04-26 00:00:00','2016-04-26 14:36:19',1,7,2,NULL,NULL,NULL,NULL,NULL),
(417,1,NULL,0,0,0,0,0,0,0,0,0,0,0,0,0,0,NULL,33,'2016-04-26 00:00:00','2016-04-26 14:36:19',2,7,2,NULL,NULL,NULL,NULL,NULL),
(418,1,NULL,0,0,0,0,0,0,0,0,0,0,0,0,0,0,NULL,33,'2016-04-26 00:00:00','2016-04-26 14:36:19',3,7,2,NULL,NULL,NULL,NULL,NULL),
(419,0,NULL,0,0,0,0,0,0,0,0,0,0,0,0,0,0,'',5,'2016-04-26 15:06:13',NULL,3,7,1,NULL,'2016-04-26-10-06-13num2ran90rw.jpg',NULL,NULL,NULL),
(420,1,NULL,0,0,0,0,0,0,0,0,0,0,0,0,0,0,'',1,'2016-06-27 11:13:24',NULL,2,15,1,NULL,NULL,NULL,NULL,NULL),
(421,1,NULL,1,2,0,0,0,0,0,6,0,4,0,0,0,7,'Lorem Ipsum is simply dummy text of the printing and typesetting industry. Lorem Ipsum has been the industry\'s standard dummy text ever since the 1500s, when an unknown printer took a galley of type and scrambled it to make a type specimen book. It has survived not only five centuries, but also the leap into electronic typesetting, remaining essentially unchanged. It was popularised in the 1960s with the release of Letraset sheets containing Lorem Ipsum passages, and more recently with desktop publishing software like Aldus PageMaker including versions of Lorem Ipsum',11,'2016-06-27 11:23:45',NULL,2,15,1,'2016-06-27-07-23-40num1ran74rw.jpg',NULL,NULL,NULL,NULL),
(422,1,NULL,1,3,0,1,0,0,0,0,1,0,0,0,0,0,'sefasdzxcvasea',16,'2016-06-27 13:23:45',NULL,2,15,1,NULL,NULL,NULL,NULL,NULL),
(423,0,NULL,1,0,0,0,0,0,0,0,0,0,0,2,0,0,'Contrary to popular belief, Lorem Ipsum is not simply random text. It has roots in a piece of classical Latin literature from 45 BC, making it over 2000 years old. Richard McClintock, a Latin professor at Hampden-Sydney College in Virginia, looked up one of the more obscure Latin words, consectetur, from a Lorem Ipsum passage, and going through the cites of the word in classical literature, discovered the undoubtable source. Lorem Ipsum comes from sections 1.10.32 and 1.10.33 of \"de Finibus Bonorum et Malorum\" (The Extremes of Good and Evil) by Cicero, written in 45 BC. This book is a treatise on the theory of ethics, very popular during the Renaissance. The first line of Lorem Ipsum, \"Lorem ipsum dolor sit amet..\", comes from a line in section 1.10.32.\r\n\r\nThe standard chunk of Lorem Ipsum used since the 1500s is reproduced below for those interested. Sections 1.10.32 and 1.10.33 from \"de Finibus Bonorum et Malorum\" by Cicero are also reproduced in their exact original form, accompanied by English versions from the 1914 translation by H. Rackham.',32,'2016-06-27 14:25:52',NULL,3,15,1,NULL,NULL,NULL,NULL,NULL),
(424,1,NULL,1,0,0,4,0,0,1,0,0,0,0,0,0,0,'Contrary to popular belief, Lorem Ipsum is not simply random text. It has roots in a piece of classical Latin literature from 45 BC, making it over 2000 years old. Richard McClintock, a Latin professor at Hampden-Sydney College in Virginia, looked up one of the more obscure Latin words, consectetur, from a Lorem Ipsum passage, and going through the cites of the word in classical literature, discovered the undoubtable source. Lorem Ipsum comes from sections 1.10.32 and 1.10.33 of \"de Finibus Bonorum et Malorum\" (The Extremes of Good and Evil) by Cicero, written in 45 BC. This book is a treatise on the theory of ethics, very popular during the Renaissance. The first line of Lorem Ipsum, \"Lorem ipsum dolor sit amet..\", comes from a line in section 1.10.32.\r\n\r\nThe standard chunk of Lorem Ipsum used since the 1500s is reproduced below for those interested. Sections 1.10.32 and 1.10.33 from \"de Finibus Bonorum et Malorum\" by Cicero are also reproduced in their exact original form, accompanied by English versions from the 1914 translation by H. Rackham.',1,'2016-06-27 14:27:34',NULL,3,15,1,NULL,'2016-06-27-09-27-36num2ran28rw.jpg',NULL,NULL,NULL),
(425,1,NULL,1,2,0,3,4,5,6,7,8,9,10,9,8,7,'อื่นๆไงจ๊ะ',1,'2016-08-06 09:17:47',NULL,1,15,1,'2016-08-06-04-16-21num1ran59rw.jpg','2016-08-06-04-16-21num2ran4rw.JPG','2016-08-06-04-16-21num3ran83rw.jpg','2016-08-06-04-16-21num4ran44rw.gif','2016-08-06-04-16-21num5ran73rw.jpg');

/*!40101 SET SQL_MODE=@OLD_SQL_MODE */;
/*!40014 SET FOREIGN_KEY_CHECKS=@OLD_FOREIGN_KEY_CHECKS */;
/*!40014 SET UNIQUE_CHECKS=@OLD_UNIQUE_CHECKS */;
/*!40111 SET SQL_NOTES=@OLD_SQL_NOTES */;
